,"Current health expenditure (CHE) per capita in US$","Current health expenditure (CHE) per capita in US$","Current health expenditure (CHE) per capita in US$","Current health expenditure (CHE) per capita in US$","Current health expenditure (CHE) per capita in US$","Current health expenditure (CHE) per capita in US$","Current health expenditure (CHE) per capita in US$","Current health expenditure (CHE) per capita in US$","Current health expenditure (CHE) per capita in US$","Current health expenditure (CHE) per capita in US$","Current health expenditure (CHE) per capita in US$","Current health expenditure (CHE) per capita in US$","Current health expenditure (CHE) per capita in US$","Current health expenditure (CHE) per capita in US$","Current health expenditure (CHE) per capita in US$","Current health expenditure (CHE) per capita in US$","Current health expenditure (CHE) per capita in US$","Current health expenditure (CHE) per capita in US$","Current health expenditure (CHE) per capita in US$","Current health expenditure (CHE) per capita in US$","Current health expenditure (CHE) per capita in US$"
"Countries, territories and areas","2020","2019","2018","2017","2016","2015","2014","2013","2012","2011","2010","2009","2008","2007","2006","2005","2004","2003","2002","2001","2000"
"Afghanistan","80.29","74.23","71.33","66.91","61.49","60.06","60.19","56.31","52.61","52.36","46.58","43.26","39.97","32.72","28.92","25.11","21.43","17.81","17.01","",""
"Albania","","","350.83","296.00","274.44","256.13","295.45","277.58","259.53","271.96","255.41","235.40","240.44","204.80","168.42","154.88","141.91","111.46","78.99","73.79","65.15"
"Algeria","214.85","250.56","257.85","259.65","262.13","292.92","361.16","333.16","336.67","288.31","230.06","208.94","207.85","151.78","117.43","101.30","93.02","76.24","66.95","67.34","62.12"
"Andorra","3336.92","3061.79","3188.00","2910.02","2796.62","2729.94","3113.92","3056.73","3029.51","3956.99","3796.65","3024.99","3046.02","2489.11","2139.00","2214.39","1989.83","1772.51","1486.01","1336.06","1286.86"
"Angola","50.74","69.38","83.90","112.85","94.11","107.64","130.74","142.89","121.80","121.91","96.66","120.03","135.63","92.84","69.77","54.21","49.78","34.87","29.05","28.93","13.00"
"Antigua and Barbuda","830.34","801.54","849.83","785.47","812.51","784.65","822.39","735.49","749.94","714.00","720.92","606.90","691.21","711.56","662.72","639.24","596.07","612.15","557.90","571.11","519.13"
"Argentina","863.71","958.52","1122.47","1525.59","1149.31","1525.05","1280.61","1415.21","1361.99","1202.56","980.14","781.78","742.90","569.29","453.64","390.80","310.22","260.98","222.65","671.37","704.95"
"Armenia","551.54","549.47","439.43","418.86","366.23","370.93","408.88","395.71","332.84","324.66","290.27","246.34","259.55","168.48","123.41","94.27","70.64","65.35","58.27","31.41","25.31"
"Australia","5901.11","5555.37","5864.39","5816.26","5454.00","5324.34","6139.39","5843.17","6071.65","5909.15","4975.47","4011.93","4107.01","3815.34","3194.03","3014.10","2760.83","2240.75","1763.70","1559.82","1636.53"
"Austria","5585.09","5262.05","5337.22","4938.92","4709.88","4612.82","5393.60","5235.34","4966.10","5167.82","4800.79","4928.99","5057.76","4478.77","3882.98","3710.40","3594.65","3091.24","2497.87","2282.52","2269.13"
"Azerbaijan","191.23","191.76","165.02","151.61","153.22","220.98","260.83","234.24","217.79","172.40","142.61","126.95","105.24","74.09","49.48","34.60","27.04","23.52","20.36","18.99","18.98"
"Bahamas","1851.00","1921.13","1920.34","2067.89","1692.26","1557.94","1589.97","1531.37","1491.60","1418.67","1421.71","1396.89","1410.94","1334.88","1242.35","1140.25","1067.92","1053.42","1013.74","990.31","945.44"
"Bahrain","1110","1024.39","1049.06","1098.74","1111.43","1134.46","1123.63","1111.22","1030.85","917.65","866.39","841.48","741.86","688.14","592.38","576.94","551.89","553.05","471.58","438.61","424.94"
"Bangladesh","50.66","47.67","44.74","42.28","39.56","33.54","30.30","27.41","23.90","23.29","21.15","18.21","16.00","14.41","12.38","11.62","11.11","10.31","9.38","8.42","8.62"
"Barbados","1199.71","1171.26","1193.49","1180.76","1158.16","1148.70","1184.38","1266.21","1298.26","1166.43","1117.03","1165.94","1136.73","1042.76","1026.71","959.41","938.41","801.93","683.34","635.96","616.38"
"Belarus","408.09","390.25","342.21","324.69","290.55","352.99","438.05","443.89","355.43","310.15","332.70","281.03","339.69","271.20","215.72","190.86","137.28","105.66","83.74","71.50","55.50"
"Belgium","5009.46","4983.66","5142.37","4761.87","4529.79","4432.70","5063.93","4941.97","4694.46","4930.14","4531.03","4638.44","4653.51","4064.88","3545.93","3405.89","3312.74","2814.88","2084.72","1879.93","1849.92"
"Belize","277.99","303.53","286.60","282.96","296.56","283.95","293.15","258.76","246.75","253.36","242.62","242.10","250.87","227.64","191.04","176.54","172.95","171.86","170.58","162.07","136.52"
"Benin","32.13","27.17","29.66","28.52","25.93","27.91","33.38","34.71","37.99","34.04","30.26","30.00","29.64","27.34","24.89","23.65","24.12","21.22","17.18","16.52","15.61"
"Bhutan","133.70","115.32","101.70","103.39","97.18","96.52","86.81","85.99","83.64","77.32","71.99","59.43","57.31","64.44","54.01","46.69","46.10","37.33","35.96","35.97","31.09"
"Bolivia (Plurinational State of)","241.12","239.18","229.23","212.88","205.92","194.92","178.21","159.09","134.63","119.24","99.99","89.27","77.74","63.46","55.93","51.67","46.29","46.38","43.49","44.92","42.96"
"Bosnia and Herzegovina","591.41","543.98","527.81","469.77","449.41","430.13","492.21","474.19","444.42","456.80","406.17","409.51","459.78","364.37","281.62","241.77","222.18","168.28","118.69","104.88","106.29"
"Botswana","362.73","408.90","419.65","444.56","369.84","358.22","402.46","418.32","405.96","415.58","378.65","326.95","315.27","296.57","250.92","263.34","279.18","253.96","194.56","191.82","195.30"
"Brazil","700.71","850.43","863.28","937.34","795.94","782.52","1013.57","977.82","953.70","1028.08","893.78","719.43","705.13","600.64","483.92","383.55","294.38","250.31","245.66","268.65","310.61"
"Brunei Darussalam","650.48","674.65","753.81","639.92","681.97","732.39","785.59","834.31","867.06","860.08","788.50","729.13","778.06","695.65","650.22","643.33","617.52","534.14","472.30","463.82","507.39"
"Bulgaria","856.70","697.90","689.91","624.53","562.34","521.42","605.26","547.45","558.65","555.86","484.75","459.30","455.54","361.23","294.11","267.74","233.11","195.74","148.15","119.83","94.52"
"Burkina Faso","54.18","41.07","39.00","43.07","39.65","32.44","38.37","42.41","33.78","33.82","32.87","30.69","28.90","27.05","20.65","17.50","17.10","11.44","8.52","7.52","7.37"
"Burundi","16.42","16.59","19.55","20.70","19.47","18.20","18.59","20.62","20.31","23.81","25.11","21.10","17.98","18.06","16.53","12.74","9.90","7.22","8.03","8.68","8.52"
"Cabo Verde","176.02","173.98","178.55","165.04","144.33","139.49","181.44","181.30","167.49","152.28","142.88","127.80","125.54","125.57","111.28","94.59","92.05","83.48","68.22","62.79","58.90"
"Cambodia","115.76","115.26","94.21","80.17","78.36","72.52","73.59","72.12","69.02","66.05","54.10","55.72","49.01","30.92","33.03","32.52","29.03","25.31","24.67","22.66","19.78"
"Cameroon","58.01","56.19","57.70","50.28","51.25","50.32","61.80","56.61","56.36","57.71","49.50","50.60","54.00","48.62","44.02","42.61","41.75","38.11","31.42","27.47","28.79"
"Canada","5619.42","5083.73","5052.68","4900.67","4668.24","4679.98","5231.95","5484.81","5541.58","5437.85","5096.12","4392.14","4491.23","4221.93","3788.69","3291.22","2916.25","2552.26","2149.38","2055.76","2001.67"
"Central African Republic","41.96","34.23","49.18","27.64","20.26","17.71","18.03","16.79","20.60","18.94","16.40","21.83","18.68","18.95","15.91","14.67","13.73","13.01","10.62","9.26","9.86"
"Chad","34.80","30.53","32.31","30.46","35.32","35.03","43.68","39.98","37.50","38.68","36.50","36.03","38.15","35.18","34.98","32.29","28.63","18.59","18.58","12.00","10.38"
"Chile","1278.18","1369.48","1457.27","1367.72","1179.73","1133.28","1150.06","1183.62","1081.46","994.67","870.71","738.28","726.74","649.92","571.90","500.87","427.44","349.78","322.87","326.97","356.74"
"China","583.43","539.62","504.80","440.59","398.79","393.78","363.01","329.78","285.31","239.75","189.34","165.29","134.21","98.88","82.79","73.29","64.54","56.79","50.16","44.57","42.99"
"Colombia","477.27","522.55","517.16","495.30","447.24","468.59","586.68","579.91","546.55","501.27","452.15","383.43","378.18","309.04","239.39","209.25","159.19","129.33","131.78","138.04","134.29"
"Comoros","80.82","77.80","74.44","74.52","63.15","60.87","84.27","81.44","76.77","80.95","69.09","69.43","73.74","69.88","65.71","67.78","70.50","63.82","51.06","45.25","47.50"
"Congo","80.81","58.90","47.68","52.68","54.67","57.68","71.48","72.29","71.69","59.84","54.86","48.93","63.79","42.22","36.17","31.10","27.68","21.65","17.09","20.42","17.45"
"Cook Islands","531.46","650.05","566.98","580.25","615.97","460.72","589.64","547.59","527.67","547.19","515.03","453.53","480.33","539.92","455.92","502.70","427.64","344.15","270.60","218.11","185.51"
"Costa Rica","953.08","914.88","902.22","853.75","870.74","875.35","822.91","816.88","776.43","742.14","654.17","529.61","510.99","423.64","359.79","309.51","290.13","287.37","276.24","255.18","247.70"
"Côte d'Ivoire","85.17","73.65","70.97","68.62","66.39","62.52","79.31","71.52","74.48","72.45","71.99","72.83","75.88","64.68","60.49","62.35","67.68","64.14","57.25","54.03","54.16"
"Croatia","1094.53","1040.09","1024.62","902.63","840.9","795.51","909.37","889.94","1029.97","1132.50","1126.37","1187.55","1258.87","1041.03","816.02","727.13","634.62","512.15","386.44","388.32","371.06"
"Cuba","1186.16","1013.10","973.14","980.09","984.25","985.42","864.16","710.79","601.42","695.99","608.96","676.22","610.09","570.31","387.44","331.99","232.51","227.70","213.96","198.59","181.15"
"Cyprus","2245.36","2043.68","2020.73","1773.41","1649.41","1596.21","1873.89","1916.32","1899.37","2114.67","2045.29","2105.48","2155.25","1694.27","1474.02","1366.02","1286.97","1145.06","890.48","782.16","750.52"
"Czechia","2119.85","1803.05","1753.20","1525.35","1321.62","1284.05","1512.93","1554.51","1387.41","1516.56","1373.93","1442.24","1449.34","1110.18","942.12","852.65","746.33","640.66","497.74","388.54","342.92"
"Democratic Republic of the Congo","21.25","19.86","17.88","18.75","19.91","19.13","18.79","15.87","13.63","12.28","12.54","13.19","15.86","12.04","10.88","9.00","8.30","6.42","4.49","5.84","19.25"
"Denmark","6438.39","6058.83","6232.72","5834.02","5624.33","5531.88","6466.90","6334.42","6168.34","6438.21","6171.29","6221.69","6137.78","5468.38","4778.89","4442.76","4194.87","3607.04","2895.81","2602.64","2496.05"
"Djibouti","62.81","62.31","64.48","65.56","69.80","74.74","66.44","61.39","65.70","62.67","51.37","50.82","49.90","46.96","44.40","38.61","37.99","43.44","38.05","29.73","30.91"
"Dominica","426.66","442.51","484.52","404.61","421.32","398.52","394.67","387.08","408.77","388.87","370.31","354.45","336.35","293.62","271.50","263.90","253.98","243.10","227.22","231.98","259.65"
"Dominican Republic","354.10","346.51","327.90","337.61","329.11","322.95","313.46","303.38","305.44","295.19","271.27","238.27","230.51","191.22","162.94","169.97","105.84","105.31","153.86","144.17","139.00"
"Ecuador","478.53","487.33","497.17","464.02","442.55","459.27","428.63","411.50","383.99","337.00","283.82","241.68","229.10","191.11","190.53","168.63","150.50","132.66","97.71","71.49","48.33"
"Egypt","150.91","145.31","120.22","107.99","145.28","173.52","158.21","142.60","142.76","118.70","107.42","101.22","92.33","75.13","68.03","60.99","51.60","51.60","65.59","70.37","71.04"
"El Salvador","385.74","364.13","345.15","335.74","337.27","329.44","312.87","321.83","298.73","293.37","268.67","255.38","251.83","238.63","230.50","223.97","184.88","170.79","166.13","161.76","155.13"
"Equatorial Guinea","236.62","222.74","270.56","248.93","252.67","285.38","368.52","330.95","237.00","289.87","271.07","266.58","364.52","216.74","169.32","142.01","119.85","94.39","64.46","51.28","36.31"
"Eritrea","23.98","25.26","24.03","20.89","22.73","26.84","31.79","29.74","26.21","33.60","24.89","22.66","19.69","18.40","22.32","20.61","21.77","18.62","14.82","14.00","13.18"
"Estonia","1787.87","1598.84","1553.43","1350.13","1226.09","1156.20","1287.76","1144.65","1013.31","1015.97","926.45","963.02","1038.56","832.73","600.51","524.68","455.07","349.06","250.48","214.70","209.71"
"Eswatini","219.10","259.24","291.17","267.07","227.80","252.68","285.05","306.57","343.83","369.37","346.70","282.30","267.73","253.80","238.98","218.71","177.12","132.39","75.28","76.11","77.75"
"Ethiopia","28.70","26.23","23.85","24.51","24.67","23.53","21.90","19.54","20.29","14.84","16.41","15.36","13.22","11.79","8.53","6.56","5.80","5.76","5.19","5.55","5.32"
"Fiji","186.36","228.36","215.84","185.64","176.07","169.73","178.71","159.02","154.22","141.66","128.40","121.84","135.50","141.43","127.43","121.24","111.04","86.90","70.07","62.10","75.04"
"Finland","4726.14","4460.11","4521.50","4235.95","4108.93","4128.40","4922.65","4892.20","4573.29","4717.57","4251.59","4349.93","4486.36","3918.66","3414.94","3236.87","3044.13","2613.83","2059.31","1810.39","1726.74"
"France","4768.73","4508.34","4668.88","4411.71","4262.22","4199.07","4978.56","4888.47","4644.60","4931.88","4592.38","4737.58","4807.37","4312.31","3811.55","3575.03","3458.63","3006.31","2449.76","2192.72","2161.85"
"Gabon","228.98","208.29","211.23","193.98","208.91","188.42","234.42","262.78","226.33","262.77","207.94","283.03","271.51","254.20","212.62","190.27","182.62","166.89","132.22","121.07","123.33"
"Gambia","18.58","22.83","22.85","21.20","20.47","19.43","17.14","25.34","29.31","30.83","32.82","34.47","39.97","35.93","33.49","33.34","32.34","28.66","36.57","38.21","46.74"
"Georgia","320.01","308.57","331.87","303.94","321.08","294.35","369.14","357.91","348.77","316.82","289.54","274.68","286.31","199.06","154.49","134.39","106.87","82.01","67.17","57.25","53.03"
"Germany","5930.33","5478.10","5504.00","5064.84","4742.96","4624.63","5307.38","5099.89","4765.69","5037.51","4611.42","4674.92","4669.76","4182.92","3698.04","3558.21","3459.82","3152.79","2567.50","2346.67","2344.35"
"Ghana","84.98","73.52","74.13","65.57","64.43","77.74","78.04","104.81","83.49","95.87","71.61","61.81","61.91","54.76","45.97","39.75","25.61","23.23","19.76","19.21","16.27"
"Greece","1675.12","1569.03","1603.08","1509.78","1513.26","1481.42","1700.49","1832.03","1948.25","2338.92","2564.37","2809.06","2840.51","2426.76","2052.88","1935.27","1782.70","1566.41","1168.82","1004.82","885.41"
"Grenada","491.08","487.60","438.92","433.49","392.78","389.39","368.81","405.40","401.85","393.21","366.41","370.05","395.51","355.66","321.83","324.56","293.60","287.29","308.34","271.17","259.38"
"Guatemala","289.13","278.55","265.75","265.18","246.12","233.42","216.80","198.34","200.34","190.71","174.79","168.86","175.12","158.38","148.54","131.96","121.73","112.98","107.24","99.69","83.35"
"Guinea","46.84","42.68","35.31","33.02","38.88","43.94","37.09","26.22","23.99","24.42","22.87","24.00","23.25","22.81","16.35","19.94","26.76","25.94","25.15","22.04","23.00"
"Guinea-Bissau","61.43","61.01","59.61","54.74","56.53","52.39","64.92","46.01","37.73","44.70","37.56","40.50","45.08","37.88","32.72","33.62","32.32","24.75","21.14","22.01","21.45"
"Guyana","378.06","319.36","298.95","268.69","237.30","228.02","216.93","212.03","202.52","186.59","162.99","150.38","138.78","125.85","98.42","85.49","74.89","68.43","65.33","60.47","62.85"
"Haiti","44.18","49.09","62.02","53.58","59.83","68.24","64.86","59.16","74.80","76.82","55.51","41.22","40.26","37.41","28.96","25.12","23.90","18.50","22.23","27.21","30.15"
"Honduras","212.70","184.04","177.65","168.39","176.97","168.93","171.30","175.02","182.42","180.58","163.54","158.54","147.42","126.12","110.84","96.75","82.34","78.74","69.90","66.35","67.67"
"Hungary","1163.25","1053.72","1079.84","984.41","914.19","870.52","1006.16","990.63","961.14","1063.43","983.11","943.69","1117.20","1003.26","893.20","895.20","798.45","682.87","473.13","359.70","313.11"
"Iceland","5636.94","5865.23","6233.92","5944.97","5015.73","4269.93","4487.53","4068.56","3759.89","3910.58","3612.05","3620.84","4746.69","5800.04","4915.05","5076.37","4411.33","3837.10","3044.79","2526.90","2853.73"
"India","56.63","60.67","57.70","56.90","59.96","58.35","56.57","55.67","48.61","48.32","44.90","38.12","37.69","35.66","29.39","27.50","24.92","21.88","20.14","19.72","18.45"
"Indonesia","132.96","120.59","111.91","111.51","107.53","97.16","103.06","103.38","106.90","108.03","86.36","62.98","59.80","56.52","44.81","34.41","26.21","25.74","19.15","17.03","15.54"
"Iran (Islamic Republic of)","573.40","450.60","462.69","462.21","437.67","369.99","375.28","408.33","513.45","518.84","436.14","364.43","297.51","245.01","197.78","173.80","142.18","116.90","105.70","94.30","80.96"
"Iraq","202.31","239.58","226.69","203.17","142.00","147.76","178.58","186.44","173.19","160.14","143.13","138.92","136.74","96.29","54.59","50.43","50.53","26.67","","",""
"Ireland","6092.18","5431.00","5484.22","5010.26","4709.17","4561.39","5329.98","5328.58","5222.04","5558.30","5133.46","5502.89","5638.78","4858.65","4147.13","3938.19","3483.16","2910.93","2200.36","1823.73","1564.84"
"Israel","3867.40","3454.47","3219.69","3093.89","2801.22","2660.70","2816.12","2681.19","2410.15","2445.98","2240.44","2036.26","2128.55","1772.59","1558.29","1512.27","1443.16","1389.94","1361.95","1514.77","1471.62"
"Italy","3057.04","2910.63","3002.76","2809.72","2699.73","2675.67","3154.28","3149.24","3086.30","3392.01","3217.68","3337.75","3504.11","3092.56","2832.70","2677.55","2565.63","2163.03","1762.54","1586.66","1524.24"
"Jamaica","325.72","343.06","333.88","324.22","286.35","285.60","257.85","254.84","262.10","275.54","256.06","229.13","283.73","252.11","186.64","190.94","183.49","150.12","174.82","180.59","194.59"
"Japan","4388.10","4378.77","4288.00","4148.37","4199.71","3754.92","4121.53","4357.68","5235.42","5106.90","4074.34","3698.76","3225.26","2783.26","2765.59","2895.21","2887.94","2653.75","2415.82","2492.46","2756.24"
"Jordan","298.64","314.88","322.12","323.55","286.50","303.23","306.81","320.87","342.94","338.35","319.84","333.81","289.99","219.41","199.65","196.47","186.11","172.25","175.38","171.83","161.24"
"Kazakhstan","341.54","270.01","272.60","278.01","259.87","314.33","374.39","363.27","369.38","297.24","243.64","245.99","251.25","177.07","173.97","142.36","110.73","74.47","58.06","50.32","49.95"
"Kenya","83.40","86.07","75.66","66.80","74.27","71.31","73.19","67.89","64.72","57.19","58.93","55.29","55.42","50.39","41.08","31.14","27.75","25.71","22.33","22.14","21.40"
"Kiribati","166.62","163.10","191.59","166.04","126.64","117.24","155.03","154.75","146.76","141.84","132.95","168.11","190.78","148.09","127.17","131.60","131.95","101.99","93.07","85.94","65.45"
"Kuwait","1532.56","1643.57","1660.99","1361.48","1278.63","1235.62","1260.88","1188.28","1196.21","1143.14","1050.42","1025.88","1069.66","881.10","782.64","727.70","650.58","628.85","581.98","558.32","429.56"
"Kyrgyzstan","63.69","63.05","66.59","77.84","72.59","80.72","94.50","105.00","99.80","79.33","60.76","59.76","62.74","49.78","44.90","35.29","26.71","22.04","14.67","13.11","12.25"
"Lao People's Democratic Republic","68.29","67.82","57.36","61.60","54.51","52.15","45.61","43.57","32.52","27.16","34.58","35.78","26.81","24.81","19.28","17.38","16.27","17.62","12.92","14.47","14.10"
"Latvia","1313.35","1183.12","1101.49","932.50","874.80","775.86","856.77","807.13","745.52","764.59","689.08","744.66","913.52","775.19","552.30","440.81","393.30","280.51","237.30","205.02","181.57"
"Lebanon","994.49","731.67","745.15","677.37","647.57","578.65","576.65","583.48","595.37","647.17","572.42","501.01","465.75","441.86","404.10","349.50","369.98","375.08","393.22","417.78","426.56"
"Lesotho","107.10","120.55","122.03","108.04","86.00","100.83","109.92","112.77","114.65","122.88","95.66","80.08","68.39","65.32","48.88","41.15","40.89","31.89","23.89","28.24","23.77"
"Liberia","56.71","52.09","65.75","68.92","68.21","71.17","62.93","57.04","54.16","52.79","43.91","42.61","39.95","40.01","27.28","28.08","26.29","8.46","8.95","10.65","12.81"
"Libya","","","","","","","","","","312.85","380.93","342.55","312.47","269.95","231.38","210.63","202.57","192.35","185.20","261.96","254.32"
"Lithuania","1522.17","1369.98","1249.03","1083.30","988.53","920.20","1021.23","958.93","896.94","925.47","805.22","864.74","936.51","704.29","536.06","438.93","366.96","338.86","254.37","218.82","217.18"
"Luxembourg","6757.00","6221.74","6227.08","5713.12","5475.14","5421.93","6547.03","6356.64","6029.48","7174.74","7459.84","7670.59","7578.75","6671.27","6070.74","5818.15","5610.35","4607.40","3600.87","3109.20","2901.20"
"Madagascar","17.95","19.35","21.89","24.39","24.42","22.66","22.90","19.69","19.27","22.94","21.37","20.11","21.47","19.23","16.78","16.22","14.58","17.07","15.46","15.48","12.76"
"Malawi","32.98","30.02","36.98","37.93","34.33","35.28","35.65","39.88","32.81","39.60","34.24","35.81","32.94","25.17","21.08","17.35","16.06","12.41","11.20","6.15","7.42"
"Malaysia","418.66","427.46","416.32","370.72","353.64","370.72","415.65","382.19","371.79","343.20","285.03","244.84","262.78","229.76","199.86","161.63","153.40","141.87","121.41","114.84","111.95"
"Maldives","825.57","851.51","804.87","932.76","993.47","823.19","702.09","670.55","645.91","587.00","607.55","678.18","773.51","477.29","403.24","334.49","303.87","239.95","248.91","229.36","219.48"
"Mali","35.45","32.61","31.96","29.23","28.31","29.75","36.68","30.87","28.27","32.53","32.20","35.57","34.10","30.43","27.66","24.62","22.32","19.29","16.34","13.53","14.40"
"Malta","3135.41","2943.63","2753.51","2551.72","2321.15","2243.47","2456.43","2121.08","1898.60","1960.06","1733.67","1677.36","1751.17","1596.12","1474.48","1379.69","1223.86","1074.09","830.65","685.98","647.10"
"Marshall Islands","731.10","782.24","736.77","646.29","654.57","571.25","476.77","485.22","452.07","424.92","417.30","406.95","429.44","445.58","532.66","509.71","381.62","306.88","311.03","332.20","370.74"
"Mauritania","59.05","60.21","59.15","54.20","48.90","57.41","59.37","55.35","49.02","47.48","43.39","44.13","48.52","39.64","34.38","33.18","30.64","28.69","25.21","22.58","22.31"
"Mauritius","560.41","671.86","642.33","594.98","539.51","515.37","544.40","440.10","387.23","385.77","357.00","301.46","312.63","229.04","203.08","192.01","184.66","157.65","132.40","116.41","115.96"
"Mexico","538.57","552.70","530.65","514.89","492.87","558.17","615.10","631.21","587.83","570.73","539.27","496.81","576.72","560.49","516.06","485.67","448.06","414.04","388.03","366.98","321.80"
"Micronesia (Federated States of)","424.84","420.58","422.45","405.33","396.63","359.79","343.01","353.23","370.93","377.49","361.80","325.84","290.12","259.47","246.38","399.61","259.03","209.74","170.65","181.97","161.96"
"Monaco","3085.44","3055.44","3101.35","2851.97","2839.89","3453.88","4080.18","3977.17","3698.65","3902.89","3766.98","3830.55","3911.39","3297.31","2891.12","2767.59","2671.23","2272.12","1581.05","1432.30","1394.28"
"Mongolia","199.82","182.87","158.25","146.24","157.36","165.85","177.32","180.84","169.84","136.05","99.48","76.66","97.29","66.24","49.60","37.03","32.63","26.01","29.05","25.92","26.42"
"Montenegro","866.17","732.35","727.26","611.53","596.28","576.84","578.73","596.48","535.58","572.47","","","","","","","","","","",""
"Morocco","187.40","177.25","175.28","166.47","161.83","162.51","188.40","179.73","172.06","179.05","168.38","165.44","153.10","131.67","110.00","96.96","90.93","77.51","63.35","56.33","54.39"
"Mozambique","34.28","40.41","40.81","36.26","31.38","39.91","43.08","41.18","35.03","30.28","26.18","27.63","24.36","19.30","18.10","18.49","14.23","11.15","10.06","8.61","7.07"
"Myanmar","57.62","61.15","60.38","59.07","59.22","63.14","53.87","37.40","36.97","27.20","20.08","18.57","14.61","9.85","8.42","7.61","6.98","6.54","7.04","4.60","4.45"
"Namibia","379.54","431.82","472.99","475.58","430.22","495.63","466.20","495.20","557.59","569.14","522.16","386.20","413.37","465.08","407.50","375.99","347.05","254.34","173.25","182.14","207.09"
"Nauru","1143.74","1158.77","1175.69","1092.88","957.29","959.49","746.36","818.12","859.05","659.43","614.13","563.17","791.20","572.73","354.25","320.37","210.49","266.06","291.12","341.19","454.44"
"Nepal","58.31","52.83","50.40","49.33","47.28","46.86","42.30","35.41","33.90","34.40","29.82","20.98","18.94","17.19","13.70","14.16","12.93","11.07","10.46","10.26","8.34"
"Netherlands","5846.15","5340.61","5330.66","4934.58","4753.67","4676.56","5601.89","5532.73","5284.65","5562.12","5191.69","5282.74","5382.45","4696.14","4080.22","3823.48","3689.46","3244.36","2544.81","2175.73","2028.18"
"New Zealand","4201.63","4081.59","3957.86","3903.68","3739.40","3600.96","4192.74","4014.97","3856.17","3656.73","3233.78","2713.81","2851.12","2706.80","2305.15","2296.61","1983.19","1611.79","1250.93","1054.33","1054.91"
"Nicaragua","161.20","161.99","168.45","177.15","167.37","161.28","152.64","137.10","130.78","122.53","115.32","110.53","107.07","92.09","77.76","72.14","65.15","60.82","56.95","56.52","52.25"
"Niger","35.01","31.22","30.09","28.69","22.43","25.73","24.89","24.44","22.57","24.69","23.34","24.41","24.71","20.84","19.79","18.54","13.96","12.45","10.75","9.59","8.96"
"Nigeria","69.76","69.68","65.70","72.77","78.24","96.28","106.12","100.82","91.06","83.11","75.59","68.01","80.10","69.15","65.72","53.93","44.16","39.08","18.06","18.49","17.65"
"Niue","1319.10","1156.83","1324.65","1222.98","1032.93","1120.29","1603.52","1348.95","1292.48","2297.55","1516.17","2249.53","2044.73","2044.29","3647.83","907.32","1080.50","511.34","424.90","1331.91","291.53"
"Norway","7704.44","8007.36","8271.86","7815.79","7496.77","7565.55","9118.32","9241.27","8970.12","8900.37","7859.52","7301.96","7768.05","6895.56","5892.99","5584.69","5097.34","4632.57","3889.96","3099.00","2948.93"
"Oman","844.62","728.25","639.32","703.90","713.26","765.79","725.41","590.36","562.95","540.39","558.37","507.65","462.29","391.80","335.85","319.71","298.48","282.29","266.53","252.55","254.94"
"Pakistan","38.18","37.22","41.41","43.41","37.6","35.01","33.05","29","26.29","25.67","24.21","23.66","24.81","26.51","24.66","19.67","15.54","14.34","14.96","13.40","15.41"
"Palau","2640.10","2402.78","1789.53","1944.74","2021.10","1792.89","1661.98","1518.25","1368.31","1144.65","1145.86","1007.31","979.43","992.50","931.17","871.57","827.09","698.83","658.49","625.21","656.81"
"Panama","1214.55","1318.04","1228.07","1127.69","1057.41","982.79","920.08","806.59","725.86","665.85","608.25","551.59","507.56","472.90","371.34","323.75","345.24","304.24","309.41","297.58","301.53"
"Papua New Guinea","63.93","60.31","59.29","55.63","54.37","45.51","89.70","77.28","70.76","52.85","39.61","36.78","34.91","33.39","30.22","27.65","25.88","22.10","20.66","18.29","18.94"
"Paraguay","405.63","415.89","421.09","405.53","384.45","392.22","439.34","390.29","367.15","336.12","257.06","216.59","219.67","160.37","121.80","94.68","87.64","70.50","64.76","91.42","104.02"
"Peru","388.55","366.56","363.42","333.12","311.44","310.27","331.78","320.32","307.32","262.97","240.26","208.39","190.85","158.17","135.87","123.05","105.01","97.20","97.50","89.20","83.46"
"Philippines","164.74","142.24","126.31","121.88","120.15","115.95","108.72","121.71","111.60","97.86","90.96","78.85","76.89","65.37","54.86","46.61","34.21","32.29","27.36","28.23","32.79"
"Poland","1025.98","1014.04","978.74","909.58","813.47","803.96","911.30","878.09","815.14","866.09","809.20","759.61","892.60","660.92","524.10","465.70","392.00","339.34","315.83","282.82","238.00"
"Portugal","2341.64","2221.73","2216.31","1998.06","1875.24","1790.53","2059.93","2030.63","1980.02","2255.97","2259.30","2346.54","2391.98","2112.53","1857.65","1814.35","1723.74","1443.38","1139.40","1015.55","995.34"
"Qatar","2188.38","2207.65","2155.83","2041.03","2153.26","2470.49","2256.39","2027.01","1713.98","1487.85","1306.53","1305.49","1277.08","1276.88","1321.56","1347.96","1254.14","1109.73","667.00","597.94","552.27"
"Republic of Korea","2642.41","2595.22","2518.73","2239.32","2020.91","1912.59","1901.01","1709.36","1579.11","1531.49","1386.41","1123.07","1170.37","1243.67","1083.07","901.31","728.81","653.90","551.84","515.29","480.22"
"Republic of Moldova","306.65","284.31","276.47","243.95","171.18","186.44","230.77","231.66","223.62","214.98","198.29","208.53","185.56","135.44","100.11","79.33","64.61","38.44","33.92","25.40","21.38"
"North Macedonia","452.97","421.39","387.47","344.92","322.92","302.75","339.38","345.85","307.04","326.08","301.87","293.72","311.30","263.06","243.55","231.04","231.87","215.36","173.70","151.38","164.22"
"Romania","809.59","738.56","687.15","555.11","476.25","442.24","503.35","495.24","401.67","426.60","472.21","449.38","521.32","415.07","291.00","254.53","190.80","143.55","96.58","78.82","69.89"
"Russian Federation","773.88","654.00","609.35","579.98","465.43","499.15","739.59","809.14","758.97","684.27","567.03","516.44","609.85","461.98","352.71","271.64","208.80","164.27","140.39","117.78","95.13"
"Rwanda","57.50","51.08","51.54","48.34","50.70","48.81","50.62","47.71","57.22","51.65","48.03","44.08","40.05","33.58","27.24","25.10","20.29","17.30","7.35","7.93","9.12"
"Saint Kitts and Nevis","1104.94","1204.34","1103.17","1167.66","1144.54","1026.51","947.63","924.61","867.38","907.03","856.67","865.85","875.11","703.31","684.95","553.53","488.83","480.23","462.63","438.06","444.57"
"Saint Lucia","607.75","514.16","513.00","525.57","519.43","471.62","477.48","492.24","463.82","470.90","438.17","432.55","430.82","440.22","390.34","333.50","309.42","317.14","299.51","284.42","284.26"
"Saint Vincent and the Grenadines","401.61","375.03","347.65","337.16","317.80","303.94","301.08","301.93","300.58","277.80","283.60","266.23","257.80","245.89","210.94","198.35","188.82","178.19","175.32","162.73","149.57"
"Samoa","202.43","239.13","197.90","217.39","202.21","212.15","246.59","245.21","195.40","210.12","183.87","170.97","155.76","146.72","132.43","120.36","103.56","81.21","72.03","55.65","59.76"
"San Marino","3937.66","3951.05","4115.07","3805.05","3745.96","3639.97","4253.21","4249.55","4446.28","4604.53","3729.69","4148.65","4274.02","3707.01","3160.59","2986.33","2895.47","2462.52","2235.53","2206.64","2192.80"
"Sao Tome and Principe","106.92","104.95","114.85","116.48","109.23","84.51","118.93","124.10","86.12","84.69","74.21","75.86","76.85","69.56","66.60","89.12","78.67","78.40","56.84","53.02","56.10"
"Saudi Arabia","","","1291.13","1261.17","1240.60","1198.34","1230.85","1059.09","959.83","826.34","655.12","646.34","562.85","560.91","536.69","459.89","391.91","370.92","356.14","371.99","370.42"
"Senegal","76.78","65.75","65.78","57.67","54.94","54.20","62.21","61.03","56.95","58.30","51.82","50.86","49.78","41.33","39.09","36.86","43.03","36.11","27.20","24.11","22.00"
"Serbia","672.33","641.03","617.09","515.85","486.43","491.25","608.86","627.53","559.91","618.89","545.33","575.26","671.89","547.23","371.51","307.55","274.46","230.09","173.26","112.22","56.50"
"Seychelles","726.91","786.65","791.53","736.65","735.57","637.05","649.40","619.22","637.23","521.06","506.87","361.70","429.68","478.69","546.07","532.79","514.90","452.41","385.84","413.23","354.08"
"Sierra Leone","43.21","44.82","43.08","45.54","85.18","118.55","138.55","81.72","59.31","59.10","43.83","43.51","40.62","36.47","33.73","32.06","28.70","28.05","27.85","24.64","23.31"
"Singapore","3537.00","2826.01","2641.51","2599.30","2450.90","2279.02","2188.34","2069.37","1824.98","1670.38","1487.38","1316.83","1278.49","1100.99","972.20","892.43","848.58","833.35","744.08","689.15","792.43"
"Slovakia","1393.62","1342.07","1299.91","1189.07","1175.60","1108.88","1289.35","1370.47","1319.44","1352.44","1296.54","1320.09","1251.68","1029.30","729.01","601.31","511.53","344.47","254.13","212.22","203.51"
"Slovenia","2417.21","2219.10","2169.58","1925.03","1835.41","1775.86","2062.38","2055.38","1974.85","2147.81","2017.15","2125.06","2179.45","1795.95","1541.66","1449.19","1368.65","1203.06","944.87","826.23","796.65"
"Solomon Islands","99.13","103.80","92.48","94.77","96.69","94.91","109.28","101.11","101.77","95.25","73.04","92.10","74.60","88.29","87.40","89.12","65.09","54.08","77.66","61.41","47.13"
"South Africa","489.64","550.48","569.27","536.78","463.34","499.36","547.83","602.68","654.25","694.10","628.13","492.94","446.90","460.02","422.19","404.40","365.53","288.38","180.86","204.26","237.83"
"South Sudan","33.23","23.72","28.19","27.01","","","","","","","","","","","","","","","","",""
"Spain","2900.65","2712.51","2741.40","2524.70","2376.62","2349.12","2679.52","2629.48","2590.23","2908.92","2789.64","2937.72","2995.19","2606.28","2242.16","2060.32","1924.27","1640.92","1174.58","1045.05","1005.28"
"Sri Lanka","151.06","142.05","159.46","146.17","148.62","146.95","134.75","134.59","110.83","116.34","106.14","98.56","91.53","72.86","64.82","56.93","50.65","42.20","42.74","41.31","43.72"
"Sudan","23.39","35.98","35.54","71.03","89.86","122.03","92.44","101.87","79.42","114.25","82.82","89.61","92.22","90.58","61.06","40.81","32.12","24.74","18.30","16.58","15.23"
"Suriname","459.56","592.98","450.16","325.38","341.92","517.38","445.36","438.41","409.35","378.15","402.41","382.56","336.32","310.97","315.47","243.13","213.90","167.76","158.49","91.58","166.08"
"Sweden","6027.97","5652.99","6005.07","5837.77","5680.73","5598.68","6605.91","6696.87","6254.44","6351.22","4416.15","4136.17","4627.56","4310.33","3765.40","3547.63","3488.17","3110.20","2459.10","2155.85","2173.19"
"Switzerland","10309.76","9666.98","9870.57","9606.35","9439.42","9382.79","9578.65","9275.80","8917.12","9191.96","7705.18","7297.38","7120.65","6154.70","5671.98","5673.94","5608.70","5018.53","4211.73","3763.38","3559.82"
"Syrian Arab Republic","","","","","","","","","63.14","74.86","88.69","87.92","83.16","72.41","64.37","62.80","60.80","60.61","63.64","58.61","54.56"
"Tajikistan","69.69","61.77","59.66","57.87","55.80","63.64","73.94","68.29","57.38","49.09","42.45","39.03","41.43","28.61","20.05","17.37","14.63","10.95","8.21","7.56","5.92"
"Thailand","305.09","294.46","275.67","247.99","230.61","219.92","214.52","208.61","202.52","192.57","169.38","150.36","149.71","125.63","103.65","90.88","83.10","76.24","69.74","57.20","62.15"
"Timor-Leste","120.87","79.26","78.95","86.75","92.98","101.42","92.88","102.55","71.32","64.28","52.43","49.87","43.27","30.09","27.40","25.17","19.86","15.03","","",""
"Togo","53.50","49.42","53.07","52.20","51.94","37.41","43.02","40.56","36.27","35.26","31.36","29.04","27.68","22.97","18.61","17.79","16.90","15.47","12.65","11.21","11.23"
"Tonga","248.04","229.94","219.29","212.57","191.94","169.95","202.64","163.81","207.01","155.89","166.61","117.48","191.02","134.67","149.32","108.33","102.74","68.09","62.70","55.32","53.43"
"Trinidad and Tobago","1030.71","1071.90","1055.90","1058.94","1041.02","1039.06","990.25","951.98","878.46","857.57","811.33","764.35","740.37","657.96","561.20","523.75","426.37","354.66","321.01","270.08","263.68"
"Tunisia","221.68","189.75","212.38","220.84","237.58","247.34","283.72","280.64","266.31","267.08","237.90","228.49","227.53","199.67","176.49","167.67","165.23","147.15","123.13","112.57","109.57"
"Türkiye","395.24","397.41","387.66","437.37","459.93","446.76","519.90","546.72","519.89","526.18","532.93","493.93","563.64","506.39","411.87","360.65","296.14","235.91","184.31","151.55","196.78"
"Turkmenistan","483.74","488.62","457.07","461.37","408.20","390.99","422.53","363.11","307.66","267.01","214.19","187.77","247.25","273.25","363.31","335.88","311.55","204.34","130.01","121.90","75.75"
"Tuvalu","1071.31","1033.87","801.17","660.23","520.00","457.81","522.54","507.16","492.84","516.60","476.29","330.92","314.00","294.89","294.80","244.13","230.17","289.57","217.83","268.20","349.95"
"Uganda","33.90","33.40","32.99","31.48","39.13","40.16","51.04","53.00","55.14","55.31","51.96","44.42","40.08","36.13","31.63","25.88","18.61","14.23","15.74","15.99","16.41"
"Ukraine","269.73","246.91","221.47","186.67","157.12","157.36","212.60","280.85","275.51","244.34","202.82","168.68","216.24","186.13","148.42","116.28","84.50","68.88","52.88","44.77","35.10"
"United Arab Emirates","2191.81","1947.13","1914.93","1726.24","1375.91","1439.30","1656.27","1601.55","1480.73","1500.80","1325.20","1284.76","1321.94","1126.81","1054.33","978.90","911.39","862.90","821.35","743.05","753.08"
"United Kingdom of Great Britain and Northern Ireland","4926.63","4265.20","4227.65","3930.34","4037.81","4447.00","4714.30","4317.12","4253.50","4208.65","3965.86","3923.02","4306.85","4375.73","3866.88","3547.07","3372.89","2791.49","2319.35","2059.79","2033.17"
"United Republic of Tanzania","39.31","39.56","40.83","38.66","36.26","32.91","39.48","43.09","41.64","37.43","36.90","33.39","36.01","35.99","35.36","27.53","23.29","20.26","16.93","15.08","12.26"
"United States of America","11702.41","10661.03","10284.55","9904.24","9594.74","9243.62","8824.78","8431.18","8272.96","8020.44","7832.27","7601.87","7346.35","7130.72","6776.87","6402.03","6045.94","5706.83","5303.15","4879.93","4532.77"
"Uruguay","1429.51","1677.10","1697.01","1655.83","1454.55","1410.32","1480.02","1500.73","1332.75","1232.05","1032.66","817.64","803.44","572.52","495.72","441.00","372.46","380.19","432.80","673.93","693.68"
"Uzbekistan","120.50","98.59","82.34","93.05","129.12","131.75","117.57","139.59","126.90","108.98","92.13","71.37","60.78","46.50","37.65","32.25","27.80","25.43","24.34","30.27","35.41"
"Vanuatu","114.23","101.97","102.08","83.78","80.82","114.26","104.34","126.39","114.38","110.28","96.37","80.40","79.24","70.28","65.47","59.98","60.83","53.21","50.72","44.34","46.83"
"Venezuela (Bolivarian Republic of)","142.46","113.26","165.35","366.64","367.73","695.52","490.22","696.19","834.31","780.72","936.85","877.48","724.06","651.42","548.27","330.35","290.82","243.21","283.02","387.65","351.71"
"Viet Nam","166.23","173.65","164.24","141.01","124.74","118.48","118.03","120.16","109.55","90.11","79.14","64.89","59.62","49.89","42.63","35.33","29.01","22.60","19.87","23.46","19.13"
"Yemen","","","","","","63.30","75.42","74.30","70.13","61.27","64.44","62.60","66.47","55.68","48.03","40.91","36.90","33.59","26.28","25.46","24.14"
"Zambia","53.75","67.46","74.60","65.82","55.98","57.99","66.05","86.34","67.98","56.90","54.65","50.96","55.92","49.34","62.61","49.43","39.20","32.52","27.11","26.32","26.04"
"Zimbabwe","50.68","54.81","114.63","92.25","106.19","105.10","114.44","100.14","89.26","87.49","98.25","","","","","","","","","",""
